id,species,family,longitude,latitude,source,observed_value_type,ec_ds_m,study_area
1,Acacia nilotica,Mimosaceae,67.6310,24.5470,"Niaz et al., 2021, Table 2",GPS/geotagged halophyte species location,Not reported,Karachi coast
2,Aeluropus lagopoides,Poaceae,67.0178,24.8082,"Niaz et al., 2021, Table 2",GPS/geotagged halophyte species location,Not reported,Karachi coast
3,Aerva javanica,Amaranthaceae,67.0695,24.7640,"Niaz et al., 2021, Table 2",GPS/geotagged halophyte species location,Not reported,Karachi coast
4,Arthrocnemum macrostachyum,Amaranthaceae,66.9072,24.8436,"Niaz et al., 2021, Table 2",GPS/geotagged halophyte species location,Not reported,Karachi coast
5,Atriplex stocksii,Amaranthaceae,67.0694,24.7637,"Niaz et al., 2021, Table 2",GPS/geotagged halophyte species location,Not reported,Karachi coast
6,Avicennia marina,Avicenniaceae,66.9189,24.8361,"Niaz et al., 2021, Table 2",GPS/geotagged halophyte species location,Not reported,Karachi coast
7,Calotropis procera,Asclepediaceae,66.9108,24.8405,"Niaz et al., 2021, Table 2",GPS/geotagged halophyte species location,Not reported,Karachi coast
8,Cassia italica,Caesalpiniaceae,67.0871,24.7511,"Niaz et al., 2021, Table 2",GPS/geotagged halophyte species location,Not reported,Karachi coast
9,Cistanche tubulosa,Orobanchaceae,66.8833,24.8528,"Niaz et al., 2021, Table 2",GPS/geotagged halophyte species location,Not reported,Karachi coast
10,Cressa cretica,Convolvulaceae,67.0698,24.7643,"Niaz et al., 2021, Table 2",GPS/geotagged halophyte species location,Not reported,Karachi coast
11,Convolvulus arvensis,Convolvulaceae,66.8538,24.8619,"Niaz et al., 2021, Table 2",GPS/geotagged halophyte species location,Not reported,Karachi coast
12,Cyperus conglomeratus,Cyperaceae,66.8678,24.8597,"Niaz et al., 2021, Table 2",GPS/geotagged halophyte species location,Not reported,Karachi coast
13,Fagonia indica,Zygophyllaceae,67.0697,24.7641,"Niaz et al., 2021, Table 2",GPS/geotagged halophyte species location,Not reported,Karachi coast
14,Halopyrum mucronatum,Poaceae,67.0271,24.8025,"Niaz et al., 2021, Table 2",GPS/geotagged halophyte species location,Not reported,Karachi coast
15,Heliotropium aucheri,Boraginaceae,67.0589,24.7736,"Niaz et al., 2021, Table 2",GPS/geotagged halophyte species location,Not reported,Karachi coast
16,Indigofera hebipetala,Fabaceae,66.9107,24.8407,"Niaz et al., 2021, Table 2",GPS/geotagged halophyte species location,Not reported,Karachi coast
17,Ipomoea pes-caprae,Convolvulaceae,66.8868,24.8502,"Niaz et al., 2021, Table 2",GPS/geotagged halophyte species location,Not reported,Karachi coast
18,Limonium stocksii,Plumbaginaceae,66.8528,24.8621,"Niaz et al., 2021, Table 2",GPS/geotagged halophyte species location,Not reported,Karachi coast
19,Lotus garcini,Papilionaceae,66.9107,24.8406,"Niaz et al., 2021, Table 2",GPS/geotagged halophyte species location,Not reported,Karachi coast
20,Paspalum pasploides,Poaceae,67.0178,24.8082,"Niaz et al., 2021, Table 2",GPS/geotagged halophyte species location,Not reported,Karachi coast
21,Prosopis juliflora,Mimosaceae,66.5358,24.5042,"Niaz et al., 2021, Table 2",GPS/geotagged halophyte species location,Not reported,Karachi coast
22,Salsola imbricata,Amaranthaceae,67.0701,24.7643,"Niaz et al., 2021, Table 2",GPS/geotagged halophyte species location,Not reported,Karachi coast
23,Salvadora persica,Salvadoraceae,66.8945,24.8487,"Niaz et al., 2021, Table 2",GPS/geotagged halophyte species location,Not reported,Karachi coast
24,Serna incana,Malvaceae,67.0592,24.7728,"Niaz et al., 2021, Table 2",GPS/geotagged halophyte species location,Not reported,Karachi coast
25,Sporobolus tremulus,Poaceae,66.9106,24.8408,"Niaz et al., 2021, Table 2",GPS/geotagged halophyte species location,Not reported,Karachi coast
26,Suaeda fruticosa,Amaranthaceae,67.0078,24.8116,"Niaz et al., 2021, Table 2",GPS/geotagged halophyte species location,Not reported,Karachi coast
27,Tamarix indica,Tamaricaceae,67.0868,24.7512,"Niaz et al., 2021, Table 2",GPS/geotagged halophyte species location,Not reported,Karachi coast
28,Tribulus terrestris,Zygophyllaceae,67.0699,24.7638,"Niaz et al., 2021, Table 2",GPS/geotagged halophyte species location,Not reported,Karachi coast
29,Urochondra setulosa,Poaceae,66.8529,24.8620,"Niaz et al., 2021, Table 2",GPS/geotagged halophyte species location,Not reported,Karachi coast
30,Zygophyllum simplex,Zygophyllaceae,67.0585,24.7734,"Niaz et al., 2021, Table 2",GPS/geotagged halophyte species location,Not reported,Karachi coast
