id,species,family,latitude,longitude,source,observed_value_type,ec_ds_m,study_area
1,Acacia nilotica,Mimosaceae,24.547,67.631,"Niaz et al., 2021, Table 2",GPS/geotagged halophyte species location,Not reported,Karachi coast
2,Aeluropus lagopoides,Poaceae,24.8082,67.0178,"Niaz et al., 2021, Table 2",GPS/geotagged halophyte species location,Not reported,Karachi coast
3,Aerva javanica,Amaranthaceae,24.764,67.0695,"Niaz et al., 2021, Table 2",GPS/geotagged halophyte species location,Not reported,Karachi coast
4,Arthrocnemum macrostachyum,Amaranthaceae,24.8436,66.9072,"Niaz et al., 2021, Table 2",GPS/geotagged halophyte species location,Not reported,Karachi coast
5,Atriplex stocksii,Amaranthaceae,24.7637,67.0694,"Niaz et al., 2021, Table 2",GPS/geotagged halophyte species location,Not reported,Karachi coast
6,Avicennia marina,Avicenniaceae,24.8361,66.9189,"Niaz et al., 2021, Table 2",GPS/geotagged halophyte species location,Not reported,Karachi coast
7,Calotropis procera,Asclepediaceae,24.8405,66.9108,"Niaz et al., 2021, Table 2",GPS/geotagged halophyte species location,Not reported,Karachi coast
8,Cassia italica,Caesalpiniaceae,24.7511,67.0871,"Niaz et al., 2021, Table 2",GPS/geotagged halophyte species location,Not reported,Karachi coast
9,Cistanche tubulosa,Orobanchaceae,24.8528,66.8833,"Niaz et al., 2021, Table 2",GPS/geotagged halophyte species location,Not reported,Karachi coast
10,Cressa cretica,Convolvulaceae,24.7643,67.0698,"Niaz et al., 2021, Table 2",GPS/geotagged halophyte species location,Not reported,Karachi coast
11,Convolvulus arvensis,Convolvulaceae,24.8619,66.8538,"Niaz et al., 2021, Table 2",GPS/geotagged halophyte species location,Not reported,Karachi coast
12,Cyperus conglomeratus,Cyperaceae,24.8597,66.8678,"Niaz et al., 2021, Table 2",GPS/geotagged halophyte species location,Not reported,Karachi coast
13,Fagonia indica,Zygophyllaceae,24.7641,67.0697,"Niaz et al., 2021, Table 2",GPS/geotagged halophyte species location,Not reported,Karachi coast
14,Halopyrum mucronatum,Poaceae,24.8025,67.0271,"Niaz et al., 2021, Table 2",GPS/geotagged halophyte species location,Not reported,Karachi coast
15,Heliotropium aucheri,Boraginaceae,24.7736,67.0589,"Niaz et al., 2021, Table 2",GPS/geotagged halophyte species location,Not reported,Karachi coast
16,Indigofera hebipetala,Fabaceae,24.8407,66.9107,"Niaz et al., 2021, Table 2",GPS/geotagged halophyte species location,Not reported,Karachi coast
17,Ipomoea pes-caprae,Convolvulaceae,24.8502,66.8868,"Niaz et al., 2021, Table 2",GPS/geotagged halophyte species location,Not reported,Karachi coast
18,Limonium stocksii,Plumbaginaceae,24.8621,66.8528,"Niaz et al., 2021, Table 2",GPS/geotagged halophyte species location,Not reported,Karachi coast
19,Lotus garcini,Papilionaceae,24.8406,66.9107,"Niaz et al., 2021, Table 2",GPS/geotagged halophyte species location,Not reported,Karachi coast
20,Paspalum pasploides,Poaceae,24.8082,67.0178,"Niaz et al., 2021, Table 2",GPS/geotagged halophyte species location,Not reported,Karachi coast
21,Prosopis juliflora,Mimosaceae,24.5042,66.5358,"Niaz et al., 2021, Table 2",GPS/geotagged halophyte species location,Not reported,Karachi coast
22,Salsola imbricata,Amaranthaceae,24.7643,67.0701,"Niaz et al., 2021, Table 2",GPS/geotagged halophyte species location,Not reported,Karachi coast
23,Salvadora persica,Salvadoraceae,24.8487,66.8945,"Niaz et al., 2021, Table 2",GPS/geotagged halophyte species location,Not reported,Karachi coast
24,Serna incana,Malvaceae,24.7728,67.0592,"Niaz et al., 2021, Table 2",GPS/geotagged halophyte species location,Not reported,Karachi coast
25,Sporobolus tremulus,Poaceae,24.8408,66.9106,"Niaz et al., 2021, Table 2",GPS/geotagged halophyte species location,Not reported,Karachi coast
26,Suaeda fruticosa,Amaranthaceae,24.8116,67.0078,"Niaz et al., 2021, Table 2",GPS/geotagged halophyte species location,Not reported,Karachi coast
27,Tamarix indica,Tamaricaceae,24.7512,67.0868,"Niaz et al., 2021, Table 2",GPS/geotagged halophyte species location,Not reported,Karachi coast
28,Tribulus terrestris,Zygophyllaceae,24.7638,67.0699,"Niaz et al., 2021, Table 2",GPS/geotagged halophyte species location,Not reported,Karachi coast
29,Urochondra setulosa,Poaceae,24.862,66.8529,"Niaz et al., 2021, Table 2",GPS/geotagged halophyte species location,Not reported,Karachi coast
30,Zygophyllum simplex,Zygophyllaceae,24.7734,67.0585,"Niaz et al., 2021, Table 2",GPS/geotagged halophyte species location,Not reported,Karachi coast
